node_id,degree,admitted,routes_current,routes_hwm,discoveries_hwm,candidates_hwm,q0_hwm,q1_hwm,pending_q1_hwm,paths_hwm,flows_hwm,app_generated,app_accepted,origin_delivered,duplicate_deliveries,q0_generated,q0_accepted,q0_delivered,q1_generated,q1_accepted,q1_delivered,delivery_pct,payload_delivered_bytes,origin_wire_bytes,wire_efficiency_pct,latency_p50_ms,latency_p95_ms,latency_p99_ms,latency_max_ms,frames_tx,frames_rx,forwarded_frames_tx,control_frames_tx,business_frames_tx,wire_bytes_tx,wire_bytes_rx,no_space,no_route,link_down,other_rejected,core_tx_sent,core_rx_delivered,route_requests_sent,route_errors_sent,control_budget_dropped,host_work_us,node_storage_bytes
1,3,3,0,0,0,0,0,0,0,0,0,400,400,400,0,0,0,0,400,400,400,100.000000,12800,20512,62.402496,10,10,10,10,424,1320,0,24,400,20512,64394,0,0,0,0,424,1200,0,0,0,748,9400
2,4,4,0,0,0,0,0,0,0,0,0,400,400,400,0,0,0,0,400,400,400,100.000000,12800,20816,61.491161,10,10,10,10,432,1743,0,32,400,20816,85044,0,0,0,0,432,1600,0,0,0,786,9400
3,4,4,0,0,0,0,0,0,0,0,0,400,400,400,0,0,0,0,400,400,400,100.000000,12800,20816,61.491161,10,10,10,10,432,1342,0,32,400,20816,65395,0,0,0,0,432,1200,0,0,0,595,9400
4,4,4,0,0,0,0,0,0,0,0,0,400,400,400,0,0,0,0,400,400,400,100.000000,12800,20816,61.491161,10,10,10,10,432,1305,0,32,400,20816,63560,0,0,0,0,432,1200,0,0,0,590,9400
5,4,4,0,0,0,0,0,0,0,0,0,400,400,400,0,0,0,0,400,400,400,100.000000,12800,20816,61.491161,10,10,10,10,432,1329,0,32,400,20816,64747,0,0,0,0,432,1200,0,0,0,579,9400
6,4,4,0,0,0,0,0,0,0,0,0,400,400,400,0,0,0,0,400,400,400,100.000000,12800,20816,61.491161,10,10,10,10,432,1333,0,32,400,20816,64954,0,0,0,0,432,1200,0,0,0,565,9400
7,4,4,0,0,0,0,0,0,0,0,0,400,400,400,0,0,0,0,400,400,400,100.000000,12800,20816,61.491161,10,10,10,10,432,1335,0,32,400,20816,65052,0,0,0,0,432,1200,0,0,0,585,9400
8,4,4,0,0,0,0,0,0,0,0,0,400,400,400,0,0,0,0,400,400,400,100.000000,12800,20816,61.491161,10,10,10,10,432,1328,0,32,400,20816,64687,0,0,0,0,432,1200,0,0,0,565,9400
9,4,4,0,0,0,0,0,0,0,0,0,400,400,400,0,0,0,0,400,400,400,100.000000,12800,20816,61.491161,10,10,10,10,432,1343,0,32,400,20816,65411,0,0,0,0,432,1200,0,0,0,566,9400
10,4,4,0,0,0,0,0,0,0,0,0,400,400,400,0,0,0,0,400,400,400,100.000000,12800,20816,61.491161,10,10,10,10,432,1334,0,32,400,20816,64981,0,0,0,0,432,1200,0,0,0,566,9400
11,4,4,0,0,0,0,0,0,0,0,0,400,400,400,0,0,0,0,400,400,400,100.000000,12800,20816,61.491161,10,10,10,10,432,1330,0,32,400,20816,64785,0,0,0,0,432,1200,0,0,0,567,9400
12,4,4,0,0,0,0,0,0,0,0,0,400,400,400,0,0,0,0,400,400,400,100.000000,12800,20816,61.491161,10,10,10,10,432,1325,0,32,400,20816,64562,0,0,0,0,432,1200,0,0,0,570,9400
13,4,4,0,0,0,0,0,0,0,0,0,400,400,400,0,0,0,0,400,400,400,100.000000,12800,20816,61.491161,10,10,10,10,432,1342,0,32,400,20816,65384,0,0,0,0,432,1200,0,0,0,566,9400
14,4,4,0,0,0,0,0,0,0,0,0,400,400,400,0,0,0,0,400,400,400,100.000000,12800,20816,61.491161,10,10,10,10,432,1337,0,32,400,20816,65139,0,0,0,0,432,1200,0,0,0,556,9400
15,4,4,0,0,0,0,0,0,0,0,0,400,400,400,0,0,0,0,400,400,400,100.000000,12800,20816,61.491161,10,10,10,10,432,1344,0,32,400,20816,65493,0,0,0,0,432,1200,0,0,0,577,9400
16,4,4,0,0,0,0,0,0,0,0,0,400,400,400,0,0,0,0,400,400,400,100.000000,12800,20816,61.491161,10,10,10,10,432,1317,0,32,400,20816,64159,0,0,0,0,432,1200,0,0,0,595,9400
17,4,4,0,0,0,0,0,0,0,0,0,400,400,400,0,0,0,0,400,400,400,100.000000,12800,20816,61.491161,10,10,10,10,432,1345,0,32,400,20816,65553,0,0,0,0,432,1200,0,0,0,591,9400
18,4,4,0,0,0,0,0,0,0,0,0,400,400,400,0,0,0,0,400,400,400,100.000000,12800,20816,61.491161,10,10,10,10,432,1318,0,32,400,20816,64197,0,0,0,0,432,1200,0,0,0,561,9400
19,4,4,0,0,0,0,0,0,0,0,0,400,400,400,0,0,0,0,400,400,400,100.000000,12800,20816,61.491161,10,10,10,10,432,1341,0,32,400,20816,65313,0,0,0,0,432,1200,0,0,0,581,9400
20,4,4,0,0,0,0,0,0,0,0,0,400,400,400,0,0,0,0,400,400,400,100.000000,12800,20816,61.491161,10,10,10,10,432,1325,0,32,400,20816,64562,0,0,0,0,432,1200,0,0,0,584,9400
21,4,4,0,0,0,0,0,0,0,0,0,400,400,400,0,0,0,0,400,400,400,100.000000,12800,20816,61.491161,10,10,10,10,432,1315,0,32,400,20816,64083,0,0,0,0,432,1200,0,0,0,559,9400
22,4,4,0,0,0,0,0,0,0,0,0,400,400,400,0,0,0,0,400,400,400,100.000000,12800,20816,61.491161,10,10,10,10,432,1344,0,32,400,20816,65493,0,0,0,0,432,1200,0,0,0,567,9400
23,4,4,0,0,0,0,0,0,0,0,0,400,400,400,0,0,0,0,400,400,400,100.000000,12800,20816,61.491161,10,10,10,10,432,1326,0,32,400,20816,64589,0,0,0,0,432,1200,0,0,0,586,9400
24,4,4,0,0,0,0,0,0,0,0,0,400,400,400,0,0,0,0,400,400,400,100.000000,12800,20816,61.491161,10,10,10,10,432,1320,0,32,400,20816,64284,0,0,0,0,432,1200,0,0,0,564,9400
25,4,4,0,0,0,0,0,0,0,0,0,400,400,400,0,0,0,0,400,400,400,100.000000,12800,20816,61.491161,10,10,10,10,432,1330,0,32,400,20816,64796,0,0,0,0,432,1200,0,0,0,573,9400
26,4,4,0,0,0,0,0,0,0,0,0,400,400,400,0,0,0,0,400,400,400,100.000000,12800,20816,61.491161,10,10,10,10,432,1327,0,32,400,20816,64638,0,0,0,0,432,1200,0,0,0,571,9400
27,4,4,0,0,0,0,0,0,0,0,0,400,400,400,0,0,0,0,400,400,400,100.000000,12800,20816,61.491161,10,10,10,10,432,1338,0,32,400,20816,65155,0,0,0,0,432,1200,0,0,0,565,9400
28,4,4,0,0,0,0,0,0,0,0,0,400,400,400,0,0,0,0,400,400,400,100.000000,12800,20816,61.491161,10,10,10,10,432,1327,0,32,400,20816,64660,0,0,0,0,432,1200,0,0,0,570,9400
29,4,4,0,0,0,0,0,0,0,0,0,400,400,400,0,0,0,0,400,400,400,100.000000,12800,20816,61.491161,10,10,10,10,432,1329,0,32,400,20816,64736,0,0,0,0,432,1200,0,0,0,600,9400
30,4,4,0,0,0,0,0,0,0,0,0,400,400,400,0,0,0,0,400,400,400,100.000000,12800,20816,61.491161,10,10,10,10,432,1336,0,32,400,20816,65090,0,0,0,0,432,1200,0,0,0,583,9400
31,4,4,0,0,0,0,0,0,0,0,0,400,400,400,0,0,0,0,400,400,400,100.000000,12800,20816,61.491161,10,10,10,10,432,1315,0,32,400,20816,64050,0,0,0,0,432,1200,0,0,0,577,9400
32,4,4,0,0,0,0,0,0,0,0,0,400,400,400,0,0,0,0,400,400,400,100.000000,12800,20816,61.491161,10,10,10,10,432,1323,0,32,400,20816,64464,0,0,0,0,432,1200,0,0,0,565,9400
33,4,4,0,0,0,0,0,0,0,0,0,400,400,400,0,0,0,0,400,400,400,100.000000,12800,20816,61.491161,10,10,10,10,432,1330,0,32,400,20816,64818,0,0,0,0,432,1200,0,0,0,575,9400
34,4,4,0,0,0,0,0,0,0,0,0,400,400,400,0,0,0,0,400,400,400,100.000000,12800,20816,61.491161,10,10,10,10,432,1330,0,32,400,20816,64763,0,0,0,0,432,1200,0,0,0,578,9400
35,4,4,0,0,0,0,0,0,0,0,0,400,400,400,0,0,0,0,400,400,400,100.000000,12800,20816,61.491161,10,10,10,10,432,1325,0,32,400,20816,64562,0,0,0,0,432,1200,0,0,0,575,9400
36,4,4,0,0,0,0,0,0,0,0,0,400,400,400,0,0,0,0,400,400,400,100.000000,12800,20816,61.491161,10,10,10,10,432,1326,0,32,400,20816,64600,0,0,0,0,432,1200,0,0,0,567,9400
37,4,4,0,0,0,0,0,0,0,0,0,400,400,400,0,0,0,0,400,400,400,100.000000,12800,20816,61.491161,10,10,10,10,432,1335,0,32,400,20816,65041,0,0,0,0,432,1200,0,0,0,586,9400
38,4,4,0,0,0,0,0,0,0,0,0,400,400,400,0,0,0,0,400,400,400,100.000000,12800,20816,61.491161,10,10,10,10,432,1329,0,32,400,20816,64747,0,0,0,0,432,1200,0,0,0,575,9400
39,4,4,0,0,0,0,0,0,0,0,0,400,400,400,0,0,0,0,400,400,400,100.000000,12800,20816,61.491161,10,10,10,10,432,1333,0,32,400,20816,64965,0,0,0,0,432,1200,0,0,0,579,9400
40,4,4,0,0,0,0,0,0,0,0,0,400,400,400,0,0,0,0,400,400,400,100.000000,12800,20816,61.491161,10,10,10,10,432,1317,0,32,400,20816,64159,0,0,0,0,432,1200,0,0,0,579,9400
41,4,4,0,0,0,0,0,0,0,0,0,400,400,400,0,0,0,0,400,400,400,100.000000,12800,20816,61.491161,10,10,10,10,432,1328,0,32,400,20816,64709,0,0,0,0,432,1200,0,0,0,575,9400
42,4,4,0,0,0,0,0,0,0,0,0,400,400,400,0,0,0,0,400,400,400,100.000000,12800,20816,61.491161,10,10,10,10,432,1340,0,32,400,20816,65264,0,0,0,0,432,1200,0,0,0,578,9400
43,4,4,0,0,0,0,0,0,0,0,0,400,400,400,0,0,0,0,400,400,400,100.000000,12800,20816,61.491161,10,10,10,10,432,1325,0,32,400,20816,64573,0,0,0,0,432,1200,0,0,0,565,9400
44,4,4,0,0,0,0,0,0,0,0,0,400,400,400,0,0,0,0,400,400,400,100.000000,12800,20816,61.491161,10,10,10,10,432,1333,0,32,400,20816,64910,0,0,0,0,432,1200,0,0,0,575,9400
45,4,4,0,0,0,0,0,0,0,0,0,400,400,400,0,0,0,0,400,400,400,100.000000,12800,20816,61.491161,10,10,10,10,432,1342,0,32,400,20816,65395,0,0,0,0,432,1200,0,0,0,579,9400
46,4,4,0,0,0,0,0,0,0,0,0,400,400,400,0,0,0,0,400,400,400,100.000000,12800,20816,61.491161,10,10,10,10,432,1320,0,32,400,20816,64306,0,0,0,0,432,1200,0,0,0,567,9400
47,4,4,0,0,0,0,0,0,0,0,0,400,400,400,0,0,0,0,400,400,400,100.000000,12800,20816,61.491161,10,10,10,10,432,1341,0,32,400,20816,65335,0,0,0,0,432,1200,0,0,0,589,9400
48,4,4,0,0,0,0,0,0,0,0,0,400,400,400,0,0,0,0,400,400,400,100.000000,12800,20816,61.491161,10,10,10,10,432,1323,0,32,400,20816,64453,0,0,0,0,432,1200,0,0,0,569,9400
49,4,4,0,0,0,0,0,0,0,0,0,400,400,400,0,0,0,0,400,400,400,100.000000,12800,20816,61.491161,10,10,10,10,432,1323,0,32,400,20816,64431,0,0,0,0,432,1200,0,0,0,564,9400
50,4,4,0,0,0,0,0,0,0,0,0,400,400,400,0,0,0,0,400,400,400,100.000000,12800,20816,61.491161,10,10,10,10,432,1325,0,32,400,20816,64540,0,0,0,0,432,1200,0,0,0,565,9400
51,4,4,0,0,0,0,0,0,0,0,0,400,400,400,0,0,0,0,400,400,400,100.000000,12800,20816,61.491161,10,10,10,10,432,1325,0,32,400,20816,64529,0,0,0,0,432,1200,0,0,0,572,9400
52,4,4,0,0,0,0,0,0,0,0,0,400,400,400,0,0,0,0,400,400,400,100.000000,12800,20816,61.491161,10,10,10,10,432,1320,0,32,400,20816,64306,0,0,0,0,432,1200,0,0,0,588,9400
53,4,4,0,0,0,0,0,0,0,0,0,400,400,400,0,0,0,0,400,400,400,100.000000,12800,20816,61.491161,10,10,10,10,432,1313,0,32,400,20816,63974,0,0,0,0,432,1200,0,0,0,561,9400
54,4,4,0,0,0,0,0,0,0,0,0,400,400,400,0,0,0,0,400,400,400,100.000000,12800,20816,61.491161,10,10,10,10,432,1325,0,32,400,20816,64551,0,0,0,0,432,1200,0,0,0,565,9400
55,4,4,0,0,0,0,0,0,0,0,0,400,400,400,0,0,0,0,400,400,400,100.000000,12800,20816,61.491161,10,10,10,10,432,1337,0,32,400,20816,65128,0,0,0,0,432,1200,0,0,0,584,9400
56,4,4,0,0,0,0,0,0,0,0,0,400,400,400,0,0,0,0,400,400,400,100.000000,12800,20816,61.491161,10,10,10,10,432,1331,0,32,400,20816,64856,0,0,0,0,432,1200,0,0,0,583,9400
57,4,4,0,0,0,0,0,0,0,0,0,400,400,400,0,0,0,0,400,400,400,100.000000,12800,20816,61.491161,10,10,10,10,432,1326,0,32,400,20816,64567,0,0,0,0,432,1200,0,0,0,561,9400
58,4,4,0,0,0,0,0,0,0,0,0,400,400,400,0,0,0,0,400,400,400,100.000000,12800,20816,61.491161,10,10,10,10,432,1307,0,32,400,20816,63658,0,0,0,0,432,1200,0,0,0,575,9400
59,4,4,0,0,0,0,0,0,0,0,0,400,400,400,0,0,0,0,400,400,400,100.000000,12800,20816,61.491161,10,10,10,10,432,1323,0,32,400,20816,64475,0,0,0,0,432,1200,0,0,0,583,9400
60,4,4,0,0,0,0,0,0,0,0,0,400,400,400,0,0,0,0,400,400,400,100.000000,12800,20816,61.491161,10,10,10,10,432,1322,0,32,400,20816,64404,0,0,0,0,432,1200,0,0,0,584,9400
61,4,4,0,0,0,0,0,0,0,0,0,400,400,400,0,0,0,0,400,400,400,100.000000,12800,20816,61.491161,10,10,10,10,432,1349,0,32,400,20816,65727,0,0,0,0,432,1200,0,0,0,570,9400
62,4,4,0,0,0,0,0,0,0,0,0,400,400,400,0,0,0,0,400,400,400,100.000000,12800,20816,61.491161,10,10,10,10,432,1346,0,32,400,20816,65591,0,0,0,0,432,1200,0,0,0,584,9400
63,4,4,0,0,0,0,0,0,0,0,0,400,400,400,0,0,0,0,400,400,400,100.000000,12800,20816,61.491161,10,10,10,10,432,1328,0,32,400,20816,64698,0,0,0,0,432,1200,0,0,0,577,9400
64,4,4,0,0,0,0,0,0,0,0,0,400,400,400,0,0,0,0,400,400,400,100.000000,12800,20816,61.491161,10,10,10,10,432,1322,0,32,400,20816,64371,0,0,0,0,432,1200,0,0,0,567,9400
65,4,4,0,0,0,0,0,0,0,0,0,400,400,400,0,0,0,0,400,400,400,100.000000,12800,20816,61.491161,10,10,10,10,432,1344,0,32,400,20816,65493,0,0,0,0,432,1200,0,0,0,586,9400
66,4,4,0,0,0,0,0,0,0,0,0,400,400,400,0,0,0,0,400,400,400,100.000000,12800,20816,61.491161,10,10,10,10,432,1329,0,32,400,20816,64747,0,0,0,0,432,1200,0,0,0,589,9400
67,4,4,0,0,0,0,0,0,0,0,0,400,400,400,0,0,0,0,400,400,400,100.000000,12800,20816,61.491161,10,10,10,10,432,1330,0,32,400,20816,64763,0,0,0,0,432,1200,0,0,0,575,9400
68,4,4,0,0,0,0,0,0,0,0,0,400,400,400,0,0,0,0,400,400,400,100.000000,12800,20816,61.491161,10,10,10,10,432,1340,0,32,400,20816,65286,0,0,0,0,432,1200,0,0,0,575,9400
69,4,4,0,0,0,0,0,0,0,0,0,400,400,400,0,0,0,0,400,400,400,100.000000,12800,20816,61.491161,10,10,10,10,432,1340,0,32,400,20816,65297,0,0,0,0,432,1200,0,0,0,580,9400
70,4,4,0,0,0,0,0,0,0,0,0,400,400,400,0,0,0,0,400,400,400,100.000000,12800,20816,61.491161,10,10,10,10,432,1339,0,32,400,20816,65204,0,0,0,0,432,1200,0,0,0,571,9400
71,4,4,0,0,0,0,0,0,0,0,0,400,400,400,0,0,0,0,400,400,400,100.000000,12800,20816,61.491161,10,10,10,10,432,1331,0,32,400,20816,64823,0,0,0,0,432,1200,0,0,0,591,9400
72,4,4,0,0,0,0,0,0,0,0,0,400,400,400,0,0,0,0,400,400,400,100.000000,12800,20816,61.491161,10,10,10,10,432,1325,0,32,400,20816,64551,0,0,0,0,432,1200,0,0,0,571,9400
73,4,4,0,0,0,0,0,0,0,0,0,400,400,400,0,0,0,0,400,400,400,100.000000,12800,20816,61.491161,10,10,10,10,432,1329,0,32,400,20816,64692,0,0,0,0,432,1200,0,0,0,575,9400
74,4,4,0,0,0,0,0,0,0,0,0,400,400,400,0,0,0,0,400,400,400,100.000000,12800,20816,61.491161,10,10,10,10,432,1331,0,32,400,20816,64867,0,0,0,0,432,1200,0,0,0,578,9400
75,4,4,0,0,0,0,0,0,0,0,0,400,400,400,0,0,0,0,400,400,400,100.000000,12800,20816,61.491161,10,10,10,10,432,1327,0,32,400,20816,64649,0,0,0,0,432,1200,0,0,0,573,9400
76,4,4,0,0,0,0,0,0,0,0,0,400,400,400,0,0,0,0,400,400,400,100.000000,12800,20816,61.491161,10,10,10,10,432,1329,0,32,400,20816,64703,0,0,0,0,432,1200,0,0,0,570,9400
77,4,4,0,0,0,0,0,0,0,0,0,400,400,400,0,0,0,0,400,400,400,100.000000,12800,20816,61.491161,10,10,10,10,432,1345,0,32,400,20816,65531,0,0,0,0,432,1200,0,0,0,583,9400
78,4,4,0,0,0,0,0,0,0,0,0,400,400,400,0,0,0,0,400,400,400,100.000000,12800,20816,61.491161,10,10,10,10,432,1328,0,32,400,20816,64698,0,0,0,0,432,1200,0,0,0,578,9400
79,4,4,0,0,0,0,0,0,0,0,0,400,400,400,0,0,0,0,400,400,400,100.000000,12800,20816,61.491161,10,10,10,10,432,1328,0,32,400,20816,64709,0,0,0,0,432,1200,0,0,0,604,9400
80,4,4,0,0,0,0,0,0,0,0,0,400,400,400,0,0,0,0,400,400,400,100.000000,12800,20816,61.491161,10,10,10,10,432,1332,0,32,400,20816,64894,0,0,0,0,432,1200,0,0,0,636,9400
81,4,4,0,0,0,0,0,0,0,0,0,400,400,400,0,0,0,0,400,400,400,100.000000,12800,20816,61.491161,10,10,10,10,432,1331,0,32,400,20816,64823,0,0,0,0,432,1200,0,0,0,587,9400
82,4,4,0,0,0,0,0,0,0,0,0,400,400,400,0,0,0,0,400,400,400,100.000000,12800,20816,61.491161,10,10,10,10,432,1341,0,32,400,20816,65335,0,0,0,0,432,1200,0,0,0,579,9400
83,4,4,0,0,0,0,0,0,0,0,0,400,400,400,0,0,0,0,400,400,400,100.000000,12800,20816,61.491161,10,10,10,10,432,1305,0,32,400,20816,63582,0,0,0,0,432,1200,0,0,0,558,9400
84,4,4,0,0,0,0,0,0,0,0,0,400,400,400,0,0,0,0,400,400,400,100.000000,12800,20816,61.491161,10,10,10,10,432,1327,0,32,400,20816,64660,0,0,0,0,432,1200,0,0,0,572,9400
85,4,4,0,0,0,0,0,0,0,0,0,400,400,400,0,0,0,0,400,400,400,100.000000,12800,20816,61.491161,10,10,10,10,432,1339,0,32,400,20816,68695,0,0,0,0,432,1200,0,0,0,607,9400
86,1,1,0,0,0,0,0,0,0,0,0,400,400,400,0,0,0,0,400,400,400,100.000000,12800,19904,64.308682,10,10,10,10,408,9,0,8,400,19904,342,0,0,0,0,408,0,0,0,0,75,9400
87,1,1,0,0,0,0,0,0,0,0,0,400,400,400,0,0,0,0,400,400,400,100.000000,12800,19904,64.308682,10,10,10,10,408,8,0,8,400,19904,304,0,0,0,0,408,0,0,0,0,77,9400
88,1,1,0,0,0,0,0,0,0,0,0,400,400,400,0,0,0,0,400,400,400,100.000000,12800,19904,64.308682,10,10,10,10,408,8,0,8,400,19904,304,0,0,0,0,408,0,0,0,0,67,9400
89,1,1,0,0,0,0,0,0,0,0,0,400,400,400,0,0,0,0,400,400,400,100.000000,12800,19904,64.308682,10,10,10,10,408,9,0,8,400,19904,342,0,0,0,0,408,0,0,0,0,71,9400
90,1,1,0,0,0,0,0,0,0,0,0,400,400,400,0,0,0,0,400,400,400,100.000000,12800,19904,64.308682,10,10,10,10,408,8,0,8,400,19904,304,0,0,0,0,408,0,0,0,0,77,9400
91,1,1,0,0,0,0,0,0,0,0,0,400,400,400,0,0,0,0,400,400,400,100.000000,12800,19904,64.308682,10,10,10,10,408,8,0,8,400,19904,304,0,0,0,0,408,0,0,0,0,74,9400
92,1,1,0,0,0,0,0,0,0,0,0,400,400,400,0,0,0,0,400,400,400,100.000000,12800,19904,64.308682,10,10,10,10,408,8,0,8,400,19904,304,0,0,0,0,408,0,0,0,0,71,9400
93,1,1,0,0,0,0,0,0,0,0,0,400,400,400,0,0,0,0,400,400,400,100.000000,12800,19904,64.308682,10,10,10,10,408,8,0,8,400,19904,304,0,0,0,0,408,0,0,0,0,62,9400
94,1,1,0,0,0,0,0,0,0,0,0,400,400,400,0,0,0,0,400,400,400,100.000000,12800,19904,64.308682,10,10,10,10,408,8,0,8,400,19904,304,0,0,0,0,408,0,0,0,0,74,9400
95,1,1,0,0,0,0,0,0,0,0,0,400,400,400,0,0,0,0,400,400,400,100.000000,12800,19904,64.308682,10,10,10,10,408,8,0,8,400,19904,304,0,0,0,0,408,0,0,0,0,71,9400
96,1,1,0,0,0,0,0,0,0,0,0,400,400,400,0,0,0,0,400,400,400,100.000000,12800,19904,64.308682,10,10,10,10,408,10,0,8,400,19904,380,0,0,0,0,408,0,0,0,0,67,9400
97,1,1,0,0,0,0,0,0,0,0,0,400,400,400,0,0,0,0,400,400,400,100.000000,12800,19904,64.308682,10,10,10,10,408,8,0,8,400,19904,304,0,0,0,0,408,0,0,0,0,74,9400
98,1,1,0,0,0,0,0,0,0,0,0,400,400,400,0,0,0,0,400,400,400,100.000000,12800,19904,64.308682,10,10,10,10,408,9,0,8,400,19904,342,0,0,0,0,408,0,0,0,0,72,9400
99,1,1,0,0,0,0,0,0,0,0,0,400,400,400,0,0,0,0,400,400,400,100.000000,12800,19904,64.308682,10,10,10,10,408,8,0,8,400,19904,304,0,0,0,0,408,0,0,0,0,66,9400
100,1,1,0,0,0,0,0,0,0,0,0,400,400,400,0,0,0,0,400,400,400,100.000000,12800,19904,64.308682,10,10,10,10,408,8,0,8,400,19904,304,0,0,0,0,408,0,0,0,0,72,9400
101,1,1,0,0,0,0,0,0,0,0,0,400,400,400,0,0,0,0,400,400,400,100.000000,12800,19904,64.308682,10,10,10,10,408,8,0,8,400,19904,304,0,0,0,0,408,0,0,0,0,70,9400
102,1,1,0,0,0,0,0,0,0,0,0,400,400,400,0,0,0,0,400,400,400,100.000000,12800,19904,64.308682,10,10,10,10,408,9,0,8,400,19904,342,0,0,0,0,408,0,0,0,0,74,9400
103,1,1,0,0,0,0,0,0,0,0,0,400,400,400,0,0,0,0,400,400,400,100.000000,12800,19904,64.308682,10,10,10,10,408,9,0,8,400,19904,342,0,0,0,0,408,0,0,0,0,71,9400
104,1,1,0,0,0,0,0,0,0,0,0,400,400,400,0,0,0,0,400,400,400,100.000000,12800,19904,64.308682,10,10,10,10,408,9,0,8,400,19904,342,0,0,0,0,408,0,0,0,0,69,9400
105,1,1,0,0,0,0,0,0,0,0,0,400,400,400,0,0,0,0,400,400,400,100.000000,12800,19904,64.308682,10,10,10,10,408,9,0,8,400,19904,342,0,0,0,0,408,0,0,0,0,71,9400
106,1,1,0,0,0,0,0,0,0,0,0,400,400,400,0,0,0,0,400,400,400,100.000000,12800,19904,64.308682,10,10,10,10,408,9,0,8,400,19904,342,0,0,0,0,408,0,0,0,0,76,9400
107,1,1,0,0,0,0,0,0,0,0,0,400,400,400,0,0,0,0,400,400,400,100.000000,12800,19904,64.308682,10,10,10,10,408,8,0,8,400,19904,304,0,0,0,0,408,0,0,0,0,73,9400
108,1,1,0,0,0,0,0,0,0,0,0,400,400,400,0,0,0,0,400,400,400,100.000000,12800,19904,64.308682,10,10,10,10,408,8,0,8,400,19904,304,0,0,0,0,408,0,0,0,0,83,9400
109,1,1,0,0,0,0,0,0,0,0,0,400,400,400,0,0,0,0,400,400,400,100.000000,12800,19904,64.308682,10,10,10,10,408,9,0,8,400,19904,342,0,0,0,0,408,0,0,0,0,79,9400
110,1,1,0,0,0,0,0,0,0,0,0,400,400,400,0,0,0,0,400,400,400,100.000000,12800,19904,64.308682,10,10,10,10,408,9,0,8,400,19904,342,0,0,0,0,408,0,0,0,0,66,9400
111,1,1,0,0,0,0,0,0,0,0,0,400,400,400,0,0,0,0,400,400,400,100.000000,12800,19904,64.308682,10,10,10,10,408,8,0,8,400,19904,304,0,0,0,0,408,0,0,0,0,72,9400
112,1,1,0,0,0,0,0,0,0,0,0,400,400,400,0,0,0,0,400,400,400,100.000000,12800,19904,64.308682,10,10,10,10,408,10,0,8,400,19904,380,0,0,0,0,408,0,0,0,0,64,9400
113,1,1,0,0,0,0,0,0,0,0,0,400,400,400,0,0,0,0,400,400,400,100.000000,12800,19904,64.308682,10,10,10,10,408,8,0,8,400,19904,304,0,0,0,0,408,0,0,0,0,67,9400
114,1,1,0,0,0,0,0,0,0,0,0,400,400,400,0,0,0,0,400,400,400,100.000000,12800,19904,64.308682,10,10,10,10,408,9,0,8,400,19904,342,0,0,0,0,408,0,0,0,0,65,9400
115,1,1,0,0,0,0,0,0,0,0,0,400,400,400,0,0,0,0,400,400,400,100.000000,12800,19904,64.308682,10,10,10,10,408,8,0,8,400,19904,304,0,0,0,0,408,0,0,0,0,69,9400
116,1,1,0,0,0,0,0,0,0,0,0,400,400,400,0,0,0,0,400,400,400,100.000000,12800,19904,64.308682,10,10,10,10,408,9,0,8,400,19904,342,0,0,0,0,408,0,0,0,0,73,9400
117,1,1,0,0,0,0,0,0,0,0,0,400,400,400,0,0,0,0,400,400,400,100.000000,12800,19904,64.308682,10,10,10,10,408,8,0,8,400,19904,304,0,0,0,0,408,0,0,0,0,59,9400
118,1,1,0,0,0,0,0,0,0,0,0,400,400,400,0,0,0,0,400,400,400,100.000000,12800,19904,64.308682,10,10,10,10,408,9,0,8,400,19904,342,0,0,0,0,408,0,0,0,0,62,9400
119,1,1,0,0,0,0,0,0,0,0,0,400,400,400,0,0,0,0,400,400,400,100.000000,12800,19904,64.308682,10,10,10,10,408,9,0,8,400,19904,342,0,0,0,0,408,0,0,0,0,68,9400
120,1,1,0,0,0,0,0,0,0,0,0,400,400,400,0,0,0,0,400,400,400,100.000000,12800,19904,64.308682,10,10,10,10,408,9,0,8,400,19904,342,0,0,0,0,408,0,0,0,0,61,9400
121,1,1,0,0,0,0,0,0,0,0,0,400,400,400,0,0,0,0,400,400,400,100.000000,12800,19904,64.308682,10,10,10,10,408,10,0,8,400,19904,380,0,0,0,0,408,0,0,0,0,61,9400
122,1,1,0,0,0,0,0,0,0,0,0,400,400,400,0,0,0,0,400,400,400,100.000000,12800,19904,64.308682,10,10,10,10,408,8,0,8,400,19904,304,0,0,0,0,408,0,0,0,0,70,9400
123,1,1,0,0,0,0,0,0,0,0,0,400,400,400,0,0,0,0,400,400,400,100.000000,12800,19904,64.308682,10,10,10,10,408,9,0,8,400,19904,342,0,0,0,0,408,0,0,0,0,70,9400
124,1,1,0,0,0,0,0,0,0,0,0,400,400,400,0,0,0,0,400,400,400,100.000000,12800,19904,64.308682,10,10,10,10,408,9,0,8,400,19904,342,0,0,0,0,408,0,0,0,0,72,9400
125,1,1,0,0,0,0,0,0,0,0,0,400,400,400,0,0,0,0,400,400,400,100.000000,12800,19904,64.308682,10,10,10,10,408,8,0,8,400,19904,304,0,0,0,0,408,0,0,0,0,61,9400
126,1,1,0,0,0,0,0,0,0,0,0,400,400,400,0,0,0,0,400,400,400,100.000000,12800,19904,64.308682,10,10,10,10,408,8,0,8,400,19904,304,0,0,0,0,408,0,0,0,0,57,9400
127,1,1,0,0,0,0,0,0,0,0,0,400,400,400,0,0,0,0,400,400,400,100.000000,12800,19904,64.308682,10,10,10,10,408,9,0,8,400,19904,342,0,0,0,0,408,0,0,0,0,67,9400
128,1,1,0,0,0,0,0,0,0,0,0,400,400,400,0,0,0,0,400,400,400,100.000000,12800,19904,64.308682,10,10,10,10,408,8,0,8,400,19904,304,0,0,0,0,408,0,0,0,0,64,9400
129,1,1,0,0,0,0,0,0,0,0,0,400,400,400,0,0,0,0,400,400,400,100.000000,12800,19904,64.308682,10,10,10,10,408,8,0,8,400,19904,304,0,0,0,0,408,0,0,0,0,68,9400
130,1,1,0,0,0,0,0,0,0,0,0,400,400,400,0,0,0,0,400,400,400,100.000000,12800,19904,64.308682,10,10,10,10,408,8,0,8,400,19904,304,0,0,0,0,408,0,0,0,0,69,9400
131,1,1,0,0,0,0,0,0,0,0,0,400,400,400,0,0,0,0,400,400,400,100.000000,12800,19904,64.308682,10,10,10,10,408,8,0,8,400,19904,304,0,0,0,0,408,0,0,0,0,65,9400
132,1,1,0,0,0,0,0,0,0,0,0,400,400,400,0,0,0,0,400,400,400,100.000000,12800,19904,64.308682,10,10,10,10,408,9,0,8,400,19904,342,0,0,0,0,408,0,0,0,0,71,9400
133,1,1,0,0,0,0,0,0,0,0,0,400,400,400,0,0,0,0,400,400,400,100.000000,12800,19904,64.308682,10,10,10,10,408,9,0,8,400,19904,342,0,0,0,0,408,0,0,0,0,64,9400
134,1,1,0,0,0,0,0,0,0,0,0,400,400,400,0,0,0,0,400,400,400,100.000000,12800,19904,64.308682,10,10,10,10,408,9,0,8,400,19904,342,0,0,0,0,408,0,0,0,0,69,9400
135,1,1,0,0,0,0,0,0,0,0,0,400,400,400,0,0,0,0,400,400,400,100.000000,12800,19904,64.308682,10,10,10,10,408,8,0,8,400,19904,304,0,0,0,0,408,0,0,0,0,71,9400
136,1,1,0,0,0,0,0,0,0,0,0,400,400,400,0,0,0,0,400,400,400,100.000000,12800,19904,64.308682,10,10,10,10,408,8,0,8,400,19904,304,0,0,0,0,408,0,0,0,0,68,9400
137,1,1,0,0,0,0,0,0,0,0,0,400,400,400,0,0,0,0,400,400,400,100.000000,12800,19904,64.308682,10,10,10,10,408,9,0,8,400,19904,342,0,0,0,0,408,0,0,0,0,80,9400
138,1,1,0,0,0,0,0,0,0,0,0,400,400,400,0,0,0,0,400,400,400,100.000000,12800,19904,64.308682,10,10,10,10,408,8,0,8,400,19904,304,0,0,0,0,408,0,0,0,0,65,9400
139,1,1,0,0,0,0,0,0,0,0,0,400,400,400,0,0,0,0,400,400,400,100.000000,12800,19904,64.308682,10,10,10,10,408,8,0,8,400,19904,304,0,0,0,0,408,0,0,0,0,63,9400
140,1,1,0,0,0,0,0,0,0,0,0,400,400,400,0,0,0,0,400,400,400,100.000000,12800,19904,64.308682,10,10,10,10,408,10,0,8,400,19904,380,0,0,0,0,408,0,0,0,0,62,9400
141,1,1,0,0,0,0,0,0,0,0,0,400,400,400,0,0,0,0,400,400,400,100.000000,12800,19904,64.308682,10,10,10,10,408,10,0,8,400,19904,380,0,0,0,0,408,0,0,0,0,73,9400
142,1,1,0,0,0,0,0,0,0,0,0,400,400,400,0,0,0,0,400,400,400,100.000000,12800,19904,64.308682,10,10,10,10,408,9,0,8,400,19904,342,0,0,0,0,408,0,0,0,0,72,9400
143,1,1,0,0,0,0,0,0,0,0,0,400,400,400,0,0,0,0,400,400,400,100.000000,12800,19904,64.308682,10,10,10,10,408,9,0,8,400,19904,342,0,0,0,0,408,0,0,0,0,82,9400
144,1,1,0,0,0,0,0,0,0,0,0,400,400,400,0,0,0,0,400,400,400,100.000000,12800,19904,64.308682,10,10,10,10,408,8,0,8,400,19904,304,0,0,0,0,408,0,0,0,0,69,9400
145,1,1,0,0,0,0,0,0,0,0,0,400,400,400,0,0,0,0,400,400,400,100.000000,12800,19904,64.308682,10,10,10,10,408,9,0,8,400,19904,342,0,0,0,0,408,0,0,0,0,59,9400
146,1,1,0,0,0,0,0,0,0,0,0,400,400,400,0,0,0,0,400,400,400,100.000000,12800,19904,64.308682,10,10,10,10,408,10,0,8,400,19904,380,0,0,0,0,408,0,0,0,0,71,9400
147,1,1,0,0,0,0,0,0,0,0,0,400,400,400,0,0,0,0,400,400,400,100.000000,12800,19904,64.308682,10,10,10,10,408,8,0,8,400,19904,304,0,0,0,0,408,0,0,0,0,60,9400
148,1,1,0,0,0,0,0,0,0,0,0,400,400,400,0,0,0,0,400,400,400,100.000000,12800,19904,64.308682,10,10,10,10,408,8,0,8,400,19904,304,0,0,0,0,408,0,0,0,0,65,9400
149,1,1,0,0,0,0,0,0,0,0,0,400,400,400,0,0,0,0,400,400,400,100.000000,12800,19904,64.308682,10,10,10,10,408,9,0,8,400,19904,342,0,0,0,0,408,0,0,0,0,65,9400
150,1,1,0,0,0,0,0,0,0,0,0,400,400,400,0,0,0,0,400,400,400,100.000000,12800,19904,64.308682,10,10,10,10,408,9,0,8,400,19904,342,0,0,0,0,408,0,0,0,0,68,9400
151,1,1,0,0,0,0,0,0,0,0,0,400,400,400,0,0,0,0,400,400,400,100.000000,12800,19904,64.308682,10,10,10,10,408,9,0,8,400,19904,342,0,0,0,0,408,0,0,0,0,62,9400
152,1,1,0,0,0,0,0,0,0,0,0,400,400,400,0,0,0,0,400,400,400,100.000000,12800,19904,64.308682,10,10,10,10,408,9,0,8,400,19904,342,0,0,0,0,408,0,0,0,0,67,9400
153,1,1,0,0,0,0,0,0,0,0,0,400,400,400,0,0,0,0,400,400,400,100.000000,12800,19904,64.308682,10,10,10,10,408,8,0,8,400,19904,304,0,0,0,0,408,0,0,0,0,63,9400
154,1,1,0,0,0,0,0,0,0,0,0,400,400,400,0,0,0,0,400,400,400,100.000000,12800,19904,64.308682,10,10,10,10,408,8,0,8,400,19904,304,0,0,0,0,408,0,0,0,0,62,9400
155,1,1,0,0,0,0,0,0,0,0,0,400,400,400,0,0,0,0,400,400,400,100.000000,12800,19904,64.308682,10,10,10,10,408,9,0,8,400,19904,342,0,0,0,0,408,0,0,0,0,61,9400
156,1,1,0,0,0,0,0,0,0,0,0,400,400,400,0,0,0,0,400,400,400,100.000000,12800,19904,64.308682,10,10,10,10,408,8,0,8,400,19904,304,0,0,0,0,408,0,0,0,0,67,9400
157,1,1,0,0,0,0,0,0,0,0,0,400,400,400,0,0,0,0,400,400,400,100.000000,12800,19904,64.308682,10,10,10,10,408,9,0,8,400,19904,342,0,0,0,0,408,0,0,0,0,77,9400
158,1,1,0,0,0,0,0,0,0,0,0,400,400,400,0,0,0,0,400,400,400,100.000000,12800,19904,64.308682,10,10,10,10,408,9,0,8,400,19904,342,0,0,0,0,408,0,0,0,0,64,9400
159,1,1,0,0,0,0,0,0,0,0,0,400,400,400,0,0,0,0,400,400,400,100.000000,12800,19904,64.308682,10,10,10,10,408,9,0,8,400,19904,342,0,0,0,0,408,0,0,0,0,59,9400
160,1,1,0,0,0,0,0,0,0,0,0,400,400,400,0,0,0,0,400,400,400,100.000000,12800,19904,64.308682,10,10,10,10,408,8,0,8,400,19904,304,0,0,0,0,408,0,0,0,0,63,9400
161,1,1,0,0,0,0,0,0,0,0,0,400,400,400,0,0,0,0,400,400,400,100.000000,12800,19904,64.308682,10,10,10,10,408,8,0,8,400,19904,304,0,0,0,0,408,0,0,0,0,66,9400
162,1,1,0,0,0,0,0,0,0,0,0,400,400,400,0,0,0,0,400,400,400,100.000000,12800,19904,64.308682,10,10,10,10,408,8,0,8,400,19904,304,0,0,0,0,408,0,0,0,0,69,9400
163,1,1,0,0,0,0,0,0,0,0,0,400,400,400,0,0,0,0,400,400,400,100.000000,12800,19904,64.308682,10,10,10,10,408,8,0,8,400,19904,304,0,0,0,0,408,0,0,0,0,71,9400
164,1,1,0,0,0,0,0,0,0,0,0,400,400,400,0,0,0,0,400,400,400,100.000000,12800,19904,64.308682,10,10,10,10,408,12,0,8,400,19904,456,0,0,0,0,408,0,0,0,0,68,9400
165,1,1,0,0,0,0,0,0,0,0,0,400,400,400,0,0,0,0,400,400,400,100.000000,12800,19904,64.308682,10,10,10,10,408,9,0,8,400,19904,342,0,0,0,0,408,0,0,0,0,66,9400
166,1,1,0,0,0,0,0,0,0,0,0,400,400,400,0,0,0,0,400,400,400,100.000000,12800,19904,64.308682,10,10,10,10,408,9,0,8,400,19904,342,0,0,0,0,408,0,0,0,0,72,9400
167,1,1,0,0,0,0,0,0,0,0,0,400,400,400,0,0,0,0,400,400,400,100.000000,12800,19904,64.308682,10,10,10,10,408,8,0,8,400,19904,304,0,0,0,0,408,0,0,0,0,82,9400
168,1,1,0,0,0,0,0,0,0,0,0,400,400,400,0,0,0,0,400,400,400,100.000000,12800,19904,64.308682,10,10,10,10,408,8,0,8,400,19904,304,0,0,0,0,408,0,0,0,0,64,9400
169,1,1,0,0,0,0,0,0,0,0,0,400,400,400,0,0,0,0,400,400,400,100.000000,12800,19904,64.308682,10,10,10,10,408,8,0,8,400,19904,304,0,0,0,0,408,0,0,0,0,64,9400
170,1,1,0,0,0,0,0,0,0,0,0,400,400,400,0,0,0,0,400,400,400,100.000000,12800,19904,64.308682,10,10,10,10,408,8,0,8,400,19904,304,0,0,0,0,408,0,0,0,0,74,9400
171,1,1,0,0,0,0,0,0,0,0,0,400,400,400,0,0,0,0,400,400,400,100.000000,12800,19904,64.308682,10,10,10,10,408,8,0,8,400,19904,304,0,0,0,0,408,0,0,0,0,78,9400
172,1,1,0,0,0,0,0,0,0,0,0,400,400,400,0,0,0,0,400,400,400,100.000000,12800,19904,64.308682,10,10,10,10,408,8,0,8,400,19904,304,0,0,0,0,408,0,0,0,0,69,9400
173,1,1,0,0,0,0,0,0,0,0,0,400,400,400,0,0,0,0,400,400,400,100.000000,12800,19904,64.308682,10,10,10,10,408,8,0,8,400,19904,304,0,0,0,0,408,0,0,0,0,73,9400
174,1,1,0,0,0,0,0,0,0,0,0,400,400,400,0,0,0,0,400,400,400,100.000000,12800,19904,64.308682,10,10,10,10,408,9,0,8,400,19904,342,0,0,0,0,408,0,0,0,0,62,9400
175,1,1,0,0,0,0,0,0,0,0,0,400,400,400,0,0,0,0,400,400,400,100.000000,12800,19904,64.308682,10,10,10,10,408,10,0,8,400,19904,380,0,0,0,0,408,0,0,0,0,67,9400
176,1,1,0,0,0,0,0,0,0,0,0,400,400,400,0,0,0,0,400,400,400,100.000000,12800,19904,64.308682,10,10,10,10,408,8,0,8,400,19904,304,0,0,0,0,408,0,0,0,0,76,9400
177,1,1,0,0,0,0,0,0,0,0,0,400,400,400,0,0,0,0,400,400,400,100.000000,12800,19904,64.308682,10,10,10,10,408,10,0,8,400,19904,380,0,0,0,0,408,0,0,0,0,64,9400
178,1,1,0,0,0,0,0,0,0,0,0,400,400,400,0,0,0,0,400,400,400,100.000000,12800,19904,64.308682,10,10,10,10,408,8,0,8,400,19904,304,0,0,0,0,408,0,0,0,0,64,9400
179,1,1,0,0,0,0,0,0,0,0,0,400,400,400,0,0,0,0,400,400,400,100.000000,12800,19904,64.308682,10,10,10,10,408,9,0,8,400,19904,342,0,0,0,0,408,0,0,0,0,74,9400
180,1,1,0,0,0,0,0,0,0,0,0,400,400,400,0,0,0,0,400,400,400,100.000000,12800,19904,64.308682,10,10,10,10,408,8,0,8,400,19904,304,0,0,0,0,408,0,0,0,0,68,9400
181,1,1,0,0,0,0,0,0,0,0,0,400,400,400,0,0,0,0,400,400,400,100.000000,12800,19904,64.308682,10,10,10,10,408,9,0,8,400,19904,342,0,0,0,0,408,0,0,0,0,69,9400
182,1,1,0,0,0,0,0,0,0,0,0,400,400,400,0,0,0,0,400,400,400,100.000000,12800,19904,64.308682,10,10,10,10,408,9,0,8,400,19904,342,0,0,0,0,408,0,0,0,0,81,9400
183,1,1,0,0,0,0,0,0,0,0,0,400,400,400,0,0,0,0,400,400,400,100.000000,12800,19904,64.308682,10,10,10,10,408,8,0,8,400,19904,304,0,0,0,0,408,0,0,0,0,65,9400
184,1,1,0,0,0,0,0,0,0,0,0,400,400,400,0,0,0,0,400,400,400,100.000000,12800,19904,64.308682,10,10,10,10,408,8,0,8,400,19904,304,0,0,0,0,408,0,0,0,0,74,9400
185,1,1,0,0,0,0,0,0,0,0,0,400,400,400,0,0,0,0,400,400,400,100.000000,12800,19904,64.308682,10,10,10,10,408,9,0,8,400,19904,342,0,0,0,0,408,0,0,0,0,72,9400
186,1,1,0,0,0,0,0,0,0,0,0,400,400,400,0,0,0,0,400,400,400,100.000000,12800,19904,64.308682,10,10,10,10,408,9,0,8,400,19904,342,0,0,0,0,408,0,0,0,0,71,9400
187,1,1,0,0,0,0,0,0,0,0,0,400,400,400,0,0,0,0,400,400,400,100.000000,12800,19904,64.308682,10,10,10,10,408,8,0,8,400,19904,304,0,0,0,0,408,0,0,0,0,73,9400
188,1,1,0,0,0,0,0,0,0,0,0,400,400,400,0,0,0,0,400,400,400,100.000000,12800,19904,64.308682,10,10,10,10,408,8,0,8,400,19904,304,0,0,0,0,408,0,0,0,0,93,9400
189,1,1,0,0,0,0,0,0,0,0,0,400,400,400,0,0,0,0,400,400,400,100.000000,12800,19904,64.308682,10,10,10,10,408,9,0,8,400,19904,342,0,0,0,0,408,0,0,0,0,78,9400
190,1,1,0,0,0,0,0,0,0,0,0,400,400,400,0,0,0,0,400,400,400,100.000000,12800,19904,64.308682,10,10,10,10,408,9,0,8,400,19904,342,0,0,0,0,408,0,0,0,0,65,9400
191,1,1,0,0,0,0,0,0,0,0,0,400,400,400,0,0,0,0,400,400,400,100.000000,12800,19904,64.308682,10,10,10,10,408,8,0,8,400,19904,304,0,0,0,0,408,0,0,0,0,78,9400
192,1,1,0,0,0,0,0,0,0,0,0,400,400,400,0,0,0,0,400,400,400,100.000000,12800,19904,64.308682,10,10,10,10,408,9,0,8,400,19904,342,0,0,0,0,408,0,0,0,0,73,9400
193,1,1,0,0,0,0,0,0,0,0,0,400,400,400,0,0,0,0,400,400,400,100.000000,12800,19904,64.308682,10,10,10,10,408,8,0,8,400,19904,304,0,0,0,0,408,0,0,0,0,84,9400
194,1,1,0,0,0,0,0,0,0,0,0,400,400,400,0,0,0,0,400,400,400,100.000000,12800,19904,64.308682,10,10,10,10,408,9,0,8,400,19904,342,0,0,0,0,408,0,0,0,0,82,9400
195,1,1,0,0,0,0,0,0,0,0,0,400,400,400,0,0,0,0,400,400,400,100.000000,12800,19904,64.308682,10,10,10,10,408,8,0,8,400,19904,304,0,0,0,0,408,0,0,0,0,64,9400
196,1,1,0,0,0,0,0,0,0,0,0,400,400,400,0,0,0,0,400,400,400,100.000000,12800,19904,64.308682,10,10,10,10,408,9,0,8,400,19904,342,0,0,0,0,408,0,0,0,0,68,9400
197,1,1,0,0,0,0,0,0,0,0,0,400,400,400,0,0,0,0,400,400,400,100.000000,12800,19904,64.308682,10,10,10,10,408,9,0,8,400,19904,342,0,0,0,0,408,0,0,0,0,76,9400
198,1,1,0,0,0,0,0,0,0,0,0,400,400,400,0,0,0,0,400,400,400,100.000000,12800,19904,64.308682,10,10,10,10,408,9,0,8,400,19904,342,0,0,0,0,408,0,0,0,0,68,9400
199,1,1,0,0,0,0,0,0,0,0,0,400,400,400,0,0,0,0,400,400,400,100.000000,12800,19904,64.308682,10,10,10,10,408,10,0,8,400,19904,380,0,0,0,0,408,0,0,0,0,96,9400
200,1,1,0,0,0,0,0,0,0,0,0,400,400,400,0,0,0,0,400,400,400,100.000000,12800,19904,64.308682,10,10,10,10,408,8,0,8,400,19904,304,0,0,0,0,408,0,0,0,0,75,9400
201,1,1,0,0,0,0,0,0,0,0,0,400,400,400,0,0,0,0,400,400,400,100.000000,12800,19904,64.308682,10,10,10,10,408,8,0,8,400,19904,304,0,0,0,0,408,0,0,0,0,73,9400
202,1,1,0,0,0,0,0,0,0,0,0,400,400,400,0,0,0,0,400,400,400,100.000000,12800,19904,64.308682,10,10,10,10,408,8,0,8,400,19904,304,0,0,0,0,408,0,0,0,0,80,9400
203,1,1,0,0,0,0,0,0,0,0,0,400,400,400,0,0,0,0,400,400,400,100.000000,12800,19904,64.308682,10,10,10,10,408,8,0,8,400,19904,304,0,0,0,0,408,0,0,0,0,74,9400
204,1,1,0,0,0,0,0,0,0,0,0,400,400,400,0,0,0,0,400,400,400,100.000000,12800,19904,64.308682,10,10,10,10,408,10,0,8,400,19904,380,0,0,0,0,408,0,0,0,0,70,9400
205,1,1,0,0,0,0,0,0,0,0,0,400,400,400,0,0,0,0,400,400,400,100.000000,12800,19904,64.308682,10,10,10,10,408,8,0,8,400,19904,304,0,0,0,0,408,0,0,0,0,67,9400
206,1,1,0,0,0,0,0,0,0,0,0,400,400,400,0,0,0,0,400,400,400,100.000000,12800,19904,64.308682,10,10,10,10,408,8,0,8,400,19904,304,0,0,0,0,408,0,0,0,0,70,9400
207,1,1,0,0,0,0,0,0,0,0,0,400,400,400,0,0,0,0,400,400,400,100.000000,12800,19904,64.308682,10,10,10,10,408,9,0,8,400,19904,342,0,0,0,0,408,0,0,0,0,76,9400
208,1,1,0,0,0,0,0,0,0,0,0,400,400,400,0,0,0,0,400,400,400,100.000000,12800,19904,64.308682,10,10,10,10,408,8,0,8,400,19904,304,0,0,0,0,408,0,0,0,0,64,9400
209,1,1,0,0,0,0,0,0,0,0,0,400,400,400,0,0,0,0,400,400,400,100.000000,12800,19904,64.308682,10,10,10,10,408,10,0,8,400,19904,380,0,0,0,0,408,0,0,0,0,71,9400
210,1,1,0,0,0,0,0,0,0,0,0,400,400,400,0,0,0,0,400,400,400,100.000000,12800,19904,64.308682,10,10,10,10,408,9,0,8,400,19904,342,0,0,0,0,408,0,0,0,0,74,9400
211,1,1,0,0,0,0,0,0,0,0,0,400,400,400,0,0,0,0,400,400,400,100.000000,12800,19904,64.308682,10,10,10,10,408,11,0,8,400,19904,418,0,0,0,0,408,0,0,0,0,63,9400
212,1,1,0,0,0,0,0,0,0,0,0,400,400,400,0,0,0,0,400,400,400,100.000000,12800,19904,64.308682,10,10,10,10,408,8,0,8,400,19904,304,0,0,0,0,408,0,0,0,0,61,9400
213,1,1,0,0,0,0,0,0,0,0,0,400,400,400,0,0,0,0,400,400,400,100.000000,12800,19904,64.308682,10,10,10,10,408,8,0,8,400,19904,304,0,0,0,0,408,0,0,0,0,64,9400
214,1,1,0,0,0,0,0,0,0,0,0,400,400,400,0,0,0,0,400,400,400,100.000000,12800,19904,64.308682,10,10,10,10,408,8,0,8,400,19904,304,0,0,0,0,408,0,0,0,0,64,9400
215,1,1,0,0,0,0,0,0,0,0,0,400,400,400,0,0,0,0,400,400,400,100.000000,12800,19904,64.308682,10,10,10,10,408,9,0,8,400,19904,342,0,0,0,0,408,0,0,0,0,66,9400
216,1,1,0,0,0,0,0,0,0,0,0,400,400,400,0,0,0,0,400,400,400,100.000000,12800,19904,64.308682,10,10,10,10,408,10,0,8,400,19904,380,0,0,0,0,408,0,0,0,0,71,9400
217,1,1,0,0,0,0,0,0,0,0,0,400,400,400,0,0,0,0,400,400,400,100.000000,12800,19904,64.308682,10,10,10,10,408,8,0,8,400,19904,304,0,0,0,0,408,0,0,0,0,71,9400
218,1,1,0,0,0,0,0,0,0,0,0,400,400,400,0,0,0,0,400,400,400,100.000000,12800,19904,64.308682,10,10,10,10,408,10,0,8,400,19904,380,0,0,0,0,408,0,0,0,0,76,9400
219,1,1,0,0,0,0,0,0,0,0,0,400,400,400,0,0,0,0,400,400,400,100.000000,12800,19904,64.308682,10,10,10,10,408,8,0,8,400,19904,304,0,0,0,0,408,0,0,0,0,63,9400
220,1,1,0,0,0,0,0,0,0,0,0,400,400,400,0,0,0,0,400,400,400,100.000000,12800,19904,64.308682,10,10,10,10,408,9,0,8,400,19904,342,0,0,0,0,408,0,0,0,0,76,9400
221,1,1,0,0,0,0,0,0,0,0,0,400,400,400,0,0,0,0,400,400,400,100.000000,12800,19904,64.308682,10,10,10,10,408,8,0,8,400,19904,304,0,0,0,0,408,0,0,0,0,62,9400
222,1,1,0,0,0,0,0,0,0,0,0,400,400,400,0,0,0,0,400,400,400,100.000000,12800,19904,64.308682,10,10,10,10,408,9,0,8,400,19904,342,0,0,0,0,408,0,0,0,0,72,9400
223,1,1,0,0,0,0,0,0,0,0,0,400,400,400,0,0,0,0,400,400,400,100.000000,12800,19904,64.308682,10,10,10,10,408,8,0,8,400,19904,304,0,0,0,0,408,0,0,0,0,66,9400
224,1,1,0,0,0,0,0,0,0,0,0,400,400,400,0,0,0,0,400,400,400,100.000000,12800,19904,64.308682,10,10,10,10,408,10,0,8,400,19904,380,0,0,0,0,408,0,0,0,0,70,9400
225,1,1,0,0,0,0,0,0,0,0,0,400,400,400,0,0,0,0,400,400,400,100.000000,12800,19904,64.308682,10,10,10,10,408,8,0,8,400,19904,304,0,0,0,0,408,0,0,0,0,86,9400
226,1,1,0,0,0,0,0,0,0,0,0,400,400,400,0,0,0,0,400,400,400,100.000000,12800,19904,64.308682,10,10,10,10,408,8,0,8,400,19904,304,0,0,0,0,408,0,0,0,0,66,9400
227,1,1,0,0,0,0,0,0,0,0,0,400,400,400,0,0,0,0,400,400,400,100.000000,12800,19904,64.308682,10,10,10,10,408,8,0,8,400,19904,304,0,0,0,0,408,0,0,0,0,64,9400
228,1,1,0,0,0,0,0,0,0,0,0,400,400,400,0,0,0,0,400,400,400,100.000000,12800,19904,64.308682,10,10,10,10,408,8,0,8,400,19904,304,0,0,0,0,408,0,0,0,0,70,9400
229,1,1,0,0,0,0,0,0,0,0,0,400,400,400,0,0,0,0,400,400,400,100.000000,12800,19904,64.308682,10,10,10,10,408,9,0,8,400,19904,342,0,0,0,0,408,0,0,0,0,59,9400
230,1,1,0,0,0,0,0,0,0,0,0,400,400,400,0,0,0,0,400,400,400,100.000000,12800,19904,64.308682,10,10,10,10,408,9,0,8,400,19904,342,0,0,0,0,408,0,0,0,0,62,9400
231,1,1,0,0,0,0,0,0,0,0,0,400,400,400,0,0,0,0,400,400,400,100.000000,12800,19904,64.308682,10,10,10,10,408,9,0,8,400,19904,342,0,0,0,0,408,0,0,0,0,77,9400
232,1,1,0,0,0,0,0,0,0,0,0,400,400,400,0,0,0,0,400,400,400,100.000000,12800,19904,64.308682,10,10,10,10,408,9,0,8,400,19904,342,0,0,0,0,408,0,0,0,0,67,9400
233,1,1,0,0,0,0,0,0,0,0,0,400,400,400,0,0,0,0,400,400,400,100.000000,12800,19904,64.308682,10,10,10,10,408,8,0,8,400,19904,304,0,0,0,0,408,0,0,0,0,60,9400
234,1,1,0,0,0,0,0,0,0,0,0,400,400,400,0,0,0,0,400,400,400,100.000000,12800,19904,64.308682,10,10,10,10,408,8,0,8,400,19904,304,0,0,0,0,408,0,0,0,0,66,9400
235,1,1,0,0,0,0,0,0,0,0,0,400,400,400,0,0,0,0,400,400,400,100.000000,12800,19904,64.308682,10,10,10,10,408,9,0,8,400,19904,342,0,0,0,0,408,0,0,0,0,70,9400
236,1,1,0,0,0,0,0,0,0,0,0,400,400,400,0,0,0,0,400,400,400,100.000000,12800,19904,64.308682,10,10,10,10,408,10,0,8,400,19904,380,0,0,0,0,408,0,0,0,0,71,9400
237,1,1,0,0,0,0,0,0,0,0,0,400,400,400,0,0,0,0,400,400,400,100.000000,12800,19904,64.308682,10,10,10,10,408,8,0,8,400,19904,304,0,0,0,0,408,0,0,0,0,57,9400
238,1,1,0,0,0,0,0,0,0,0,0,400,400,400,0,0,0,0,400,400,400,100.000000,12800,19904,64.308682,10,10,10,10,408,11,0,8,400,19904,418,0,0,0,0,408,0,0,0,0,63,9400
239,1,1,0,0,0,0,0,0,0,0,0,400,400,400,0,0,0,0,400,400,400,100.000000,12800,19904,64.308682,10,10,10,10,408,10,0,8,400,19904,380,0,0,0,0,408,0,0,0,0,69,9400
240,1,1,0,0,0,0,0,0,0,0,0,400,400,400,0,0,0,0,400,400,400,100.000000,12800,19904,64.308682,10,10,10,10,408,8,0,8,400,19904,304,0,0,0,0,408,0,0,0,0,64,9400
241,1,1,0,0,0,0,0,0,0,0,0,400,400,400,0,0,0,0,400,400,400,100.000000,12800,19904,64.308682,10,10,10,10,408,8,0,8,400,19904,304,0,0,0,0,408,0,0,0,0,65,9400
242,1,1,0,0,0,0,0,0,0,0,0,400,400,400,0,0,0,0,400,400,400,100.000000,12800,19904,64.308682,10,10,10,10,408,9,0,8,400,19904,342,0,0,0,0,408,0,0,0,0,59,9400
243,1,1,0,0,0,0,0,0,0,0,0,400,400,400,0,0,0,0,400,400,400,100.000000,12800,19904,64.308682,10,10,10,10,408,8,0,8,400,19904,304,0,0,0,0,408,0,0,0,0,57,9400
244,1,1,0,0,0,0,0,0,0,0,0,400,400,400,0,0,0,0,400,400,400,100.000000,12800,19904,64.308682,10,10,10,10,408,9,0,8,400,19904,342,0,0,0,0,408,0,0,0,0,60,9400
245,1,1,0,0,0,0,0,0,0,0,0,400,400,400,0,0,0,0,400,400,400,100.000000,12800,19904,64.308682,10,10,10,10,408,10,0,8,400,19904,380,0,0,0,0,408,0,0,0,0,70,9400
246,1,1,0,0,0,0,0,0,0,0,0,400,400,400,0,0,0,0,400,400,400,100.000000,12800,19904,64.308682,10,10,10,10,408,8,0,8,400,19904,304,0,0,0,0,408,0,0,0,0,77,9400
247,1,1,0,0,0,0,0,0,0,0,0,400,400,400,0,0,0,0,400,400,400,100.000000,12800,19904,64.308682,10,10,10,10,408,9,0,8,400,19904,342,0,0,0,0,408,0,0,0,0,70,9400
248,1,1,0,0,0,0,0,0,0,0,0,400,400,400,0,0,0,0,400,400,400,100.000000,12800,19904,64.308682,10,10,10,10,408,9,0,8,400,19904,342,0,0,0,0,408,0,0,0,0,73,9400
249,1,1,0,0,0,0,0,0,0,0,0,400,400,400,0,0,0,0,400,400,400,100.000000,12800,19904,64.308682,10,10,10,10,408,9,0,8,400,19904,342,0,0,0,0,408,0,0,0,0,69,9400
250,1,1,0,0,0,0,0,0,0,0,0,400,400,400,0,0,0,0,400,400,400,100.000000,12800,19904,64.308682,10,10,10,10,408,8,0,8,400,19904,304,0,0,0,0,408,0,0,0,0,72,9400
251,1,1,0,0,0,0,0,0,0,0,0,400,400,400,0,0,0,0,400,400,400,100.000000,12800,19904,64.308682,10,10,10,10,408,9,0,8,400,19904,342,0,0,0,0,408,0,0,0,0,63,9400
252,1,1,0,0,0,0,0,0,0,0,0,400,400,400,0,0,0,0,400,400,400,100.000000,12800,19904,64.308682,10,10,10,10,408,9,0,8,400,19904,342,0,0,0,0,408,0,0,0,0,70,9400
253,1,1,0,0,0,0,0,0,0,0,0,400,400,400,0,0,0,0,400,400,400,100.000000,12800,19904,64.308682,10,10,10,10,408,8,0,8,400,19904,304,0,0,0,0,408,0,0,0,0,78,9400
254,1,1,0,0,0,0,0,0,0,0,0,400,400,400,0,0,0,0,400,400,400,100.000000,12800,19904,64.308682,10,10,10,10,408,8,0,8,400,19904,304,0,0,0,0,408,0,0,0,0,66,9400
255,1,1,0,0,0,0,0,0,0,0,0,400,400,400,0,0,0,0,400,400,400,100.000000,12800,21504,59.523810,10,10,10,10,408,9,0,8,400,21504,342,0,0,0,0,408,0,0,0,0,66,9400
256,1,1,0,0,0,0,0,0,0,0,0,400,400,400,0,0,0,0,400,400,400,100.000000,12800,21504,59.523810,10,10,10,10,408,8,0,8,400,21504,304,0,0,0,0,408,0,0,0,0,64,9400
